{
  "minecraft:recipes/transportation/acacia_boat": {
    "criteria": {
      "entered_water": "2022-02-06 23:28:56 -0500"
    },
    "done": true
  },
  "minecraft:recipes/transportation/dark_oak_boat": {
    "criteria": {
      "entered_water": "2022-02-06 23:28:56 -0500"
    },
    "done": true
  },
  "minecraft:recipes/transportation/birch_boat": {
    "criteria": {
      "entered_water": "2022-02-06 23:28:56 -0500"
    },
    "done": true
  },
  "minecraft:recipes/transportation/boat": {
    "criteria": {
      "entered_water": "2022-02-06 23:28:56 -0500"
    },
    "done": true
  },
  "minecraft:recipes/transportation/jungle_boat": {
    "criteria": {
      "entered_water": "2022-02-06 23:28:56 -0500"
    },
    "done": true
  },
  "minecraft:recipes/transportation/spruce_boat": {
    "criteria": {
      "entered_water": "2022-02-06 23:28:56 -0500"
    },
    "done": true
  },
  "minecraft:adventure/adventuring_time": {
    "criteria": {
      "forest": "2022-02-06 23:27:26 -0500",
      "swampland": "2022-02-06 23:34:34 -0500",
      "birch_forest": "2022-02-06 23:33:17 -0500",
      "forest_hills": "2022-02-06 23:27:12 -0500",
      "plains": "2022-02-06 23:31:39 -0500",
      "taiga": "2022-02-06 23:31:31 -0500",
      "taiga_hills": "2022-02-06 23:33:44 -0500",
      "extreme_hills": "2022-02-06 23:30:49 -0500",
      "river": "2022-02-06 23:28:57 -0500"
    },
    "done": false
  }
}