{
  "minecraft:recipes/transportation/acacia_boat": {
    "criteria": {
      "entered_water": "2022-08-22 16:41:24 -0400"
    },
    "done": true
  },
  "minecraft:recipes/transportation/dark_oak_boat": {
    "criteria": {
      "entered_water": "2022-08-22 16:41:24 -0400"
    },
    "done": true
  },
  "minecraft:recipes/transportation/birch_boat": {
    "criteria": {
      "entered_water": "2022-08-22 16:41:24 -0400"
    },
    "done": true
  },
  "minecraft:recipes/transportation/boat": {
    "criteria": {
      "entered_water": "2022-08-22 16:41:24 -0400"
    },
    "done": true
  },
  "minecraft:recipes/transportation/jungle_boat": {
    "criteria": {
      "entered_water": "2022-08-22 16:41:24 -0400"
    },
    "done": true
  },
  "minecraft:recipes/transportation/spruce_boat": {
    "criteria": {
      "entered_water": "2022-08-22 16:41:24 -0400"
    },
    "done": true
  },
  "minecraft:adventure/adventuring_time": {
    "criteria": {
      "beaches": "2022-08-22 16:40:40 -0400",
      "desert_hills": "2022-08-22 16:46:06 -0400",
      "savanna": "2022-08-22 16:39:40 -0400",
      "plains": "2022-08-22 16:39:19 -0400",
      "savanna_rock": "2022-08-22 16:40:16 -0400",
      "ocean": "2022-08-22 16:41:21 -0400",
      "river": "2022-08-22 16:39:39 -0400",
      "desert": "2022-08-22 16:41:55 -0400"
    },
    "done": false
  }
}