{
  "minecraft:recipes/combat/arrow": {
    "criteria": {
      "has_feather": "2021-10-16 21:51:52 -0400"
    },
    "done": true
  },
  "minecraft:adventure/adventuring_time": {
    "criteria": {
      "forest": "2021-10-16 21:53:28 -0400",
      "forest_hills": "2021-10-16 21:53:33 -0400",
      "plains": "2021-10-16 21:53:24 -0400",
      "ocean": "2021-10-16 21:53:02 -0400",
      "extreme_hills": "2021-10-16 21:50:58 -0400",
      "river": "2021-10-16 21:53:13 -0400",
      "stone_beach": "2021-10-16 21:52:59 -0400"
    },
    "done": false
  }
}