{
  "minecraft:recipes/transportation/acacia_boat": {
    "criteria": {
      "entered_water": "2021-10-16 21:01:12 -0400"
    },
    "done": true
  },
  "minecraft:husbandry/root": {
    "criteria": {
      "consumed_item": "2021-10-16 21:00:31 -0400"
    },
    "done": true
  },
  "minecraft:recipes/transportation/dark_oak_boat": {
    "criteria": {
      "entered_water": "2021-10-16 21:01:12 -0400"
    },
    "done": true
  },
  "minecraft:recipes/transportation/birch_boat": {
    "criteria": {
      "entered_water": "2021-10-16 21:01:12 -0400"
    },
    "done": true
  },
  "minecraft:recipes/transportation/boat": {
    "criteria": {
      "entered_water": "2021-10-16 21:01:12 -0400"
    },
    "done": true
  },
  "minecraft:recipes/transportation/jungle_boat": {
    "criteria": {
      "entered_water": "2021-10-16 21:01:12 -0400"
    },
    "done": true
  },
  "minecraft:recipes/transportation/spruce_boat": {
    "criteria": {
      "entered_water": "2021-10-16 21:01:12 -0400"
    },
    "done": true
  },
  "minecraft:adventure/adventuring_time": {
    "criteria": {
      "forest": "2021-10-16 20:59:35 -0400",
      "swampland": "2021-10-16 21:02:46 -0400",
      "birch_forest": "2021-10-16 21:01:00 -0400",
      "beaches": "2021-10-16 21:04:08 -0400",
      "forest_hills": "2021-10-16 20:59:26 -0400",
      "plains": "2021-10-16 21:08:02 -0400",
      "taiga": "2021-10-16 21:01:30 -0400",
      "taiga_hills": "2021-10-16 21:02:01 -0400",
      "birch_forest_hills": "2021-10-16 21:00:45 -0400",
      "ocean": "2021-10-16 21:03:38 -0400",
      "extreme_hills": "2021-10-16 21:10:10 -0400",
      "roofed_forest": "2021-10-16 21:04:05 -0400",
      "river": "2021-10-16 21:00:34 -0400"
    },
    "done": false
  }
}