{
  "minecraft:recipes/redstone/dispenser": {
    "criteria": {
      "has_bow": "2021-09-24 17:31:02 -0400"
    },
    "done": true
  },
  "minecraft:recipes/decorations/chest": {
    "criteria": {
      "has_lots_of_items": "2021-09-24 17:30:30 -0400"
    },
    "done": true
  },
  "minecraft:recipes/food/mushroom_stew": {
    "criteria": {
      "has_bowl": "2021-09-24 17:30:30 -0400"
    },
    "done": true
  },
  "minecraft:adventure/adventuring_time": {
    "criteria": {
      "beaches": "2021-09-24 17:30:30 -0400"
    },
    "done": false
  }
}