{
  "minecraft:recipes/redstone/dispenser": {
    "criteria": {
      "has_bow": "2021-10-14 23:18:17 -0400"
    },
    "done": true
  },
  "minecraft:recipes/decorations/chest": {
    "criteria": {
      "has_lots_of_items": "2021-10-14 23:18:17 -0400"
    },
    "done": true
  },
  "minecraft:recipes/food/mushroom_stew": {
    "criteria": {
      "has_bowl": "2021-10-14 23:18:17 -0400"
    },
    "done": true
  },
  "minecraft:adventure/adventuring_time": {
    "criteria": {
      "beaches": "2021-10-14 23:18:28 -0400",
      "plains": "2021-10-14 23:18:17 -0400"
    },
    "done": false
  },
  "minecraft:recipes/misc/red_dye_from_poppy": {
    "criteria": {
      "has_red_flower": "2021-10-14 23:18:17 -0400"
    },
    "done": true
  },
  "minecraft:story/root": {
    "criteria": {
      "crafting_table": "2021-10-14 23:18:17 -0400"
    },
    "done": true
  }
}