{"stat.pickup.minecraft.rotten_flesh":1,"stat.pickup.creatures.raw_large_wild_bird_meat":1,"stat.walkOneCm":31668,"stat.animalsBred":4,"stat.leaveGame":1,"stat.pickup.minecraft.feather":2,"stat.killEntity.Enderman":1,"stat.mobKills":1,"stat.pickup.minecraft.spawn_egg":1,"stat.drop.minecraft.spawn_egg":3,"stat.flyOneCm":85143,"stat.pickup.creatures.bird_of_prey_feather":3,"stat.drop":3,"stat.swimOneCm":4385,"stat.jump":77,"stat.playOneMinute":53077,"stat.pickup.minecraft.fish":1,"stat.pickup.minecraft.torch":1,"stat.sneakTime":549,"stat.pickup.creatures.raw_small_wild_bird_meat":1,"stat.damageDealt":449,"stat.crouchOneCm":268,"stat.timeSinceDeath":53077,"stat.sprintOneCm":406,"stat.useItem.minecraft.spawn_egg":150,"stat.useItem.minecraft.stone_slab2":115,"stat.diveOneCm":13255}